CREATE TABLE t1 (f1 INTEGER NOT NULL) ENGINE=InnoDB;
CREATE TABLE t2 (f1 INTEGER NOT NULL) ENGINE=InnoDB;
INSERT INTO t1 VALUES (1);
SET SESSION wsrep_osu_method=NBO;
SET GLOBAL debug = 'd,sync.alter_locked_tables_inplace';
ALTER TABLE t1 ADD PRIMARY KEY (f1), ALGORITHM=INPLACE, LOCK=SHARED;;
SET SESSION wsrep_sync_wait=0;
INSERT INTO t2 VALUES (1);
SET DEBUG_SYNC= 'now SIGNAL signal.alter_locked_tables_inplace';
SET GLOBAL debug = '';
SELECT COUNT(*) = 1 FROM t2;
COUNT(*) = 1
1
SELECT COUNT(*) = 1 FROM t2;
COUNT(*) = 1
1
DROP TABLE t1;
DROP TABLE t2;
