RESET BINARY LOGS AND GTIDS;
SET SESSION wsrep_on=OFF;
RESET BINARY LOGS AND GTIDS;
SET SESSION wsrep_on=ON;
SET SESSION wsrep_on=OFF;
RESET BINARY LOGS AND GTIDS;
SET SESSION wsrep_on=ON;
START REPLICA USER='root';
Warnings:
Note	1759	Sending passwords in plain text without SSL/TLS is extremely insecure.
CREATE SCHEMA test1;
CREATE SCHEMA test2;
USE test1;
CREATE TABLE t1 (f1 INTEGER PRIMARY KEY,f2 CHAR(5) DEFAULT 'abc') ENGINE=InnoDB;
USE test2;
CREATE TABLE t1 (f1 INTEGER PRIMARY KEY,f2 CHAR(5) DEFAULT 'abc') ENGINE=InnoDB;
INSERT INTO test1.t1 (f1) VALUES (1);
INSERT INTO test2.t1 (f1) VALUES (1);
INSERT INTO test1.t1 (f1) VALUES (2);
INSERT INTO test2.t1 (f1) VALUES (2);
INSERT INTO test1.t1 (f1) VALUES (3);
INSERT INTO test2.t1 (f1) VALUES (3);
UPDATE test2.t1 SET test2.t1.f2 = 'cde';
UPDATE test1.t1, test2.t1 SET test1.t1.f2 = 'klm', test2.t1.f2 = 'xyz';
DELETE test1.t1, test2.t1 FROM test1.t1 INNER JOIN test2.t1 WHERE test1.t1.f1 = test2.t1.f1 AND test1.t1.f1 = 3;
SET AUTOCOMMIT=OFF;
START TRANSACTION;
INSERT INTO test2.t1 (f1) VALUES (999);
INSERT INTO test2.t1 (f1) VALUES (9999);
COMMIT;
START TRANSACTION;
INSERT INTO test1.t1 (f1) VALUES (111);
INSERT INTO test1.t1 (f1) VALUES (222);
COMMIT;
START TRANSACTION;
INSERT INTO test1.t1 (f1) VALUES (333);
INSERT INTO test2.t1 (f1) VALUES (99999);
COMMIT;
include/rpl/deprecated/show_binlog_events.inc
Log_name	Pos	Event_type	Server_id	End_log_pos	Info
mysqld-bin.000001	#	Previous_gtids	#	#	
mysqld-bin.000001	#	Gtid	#	#	SET @@SESSION.GTID_NEXT= 'Gtid_set'
mysqld-bin.000001	#	Query	#	#	CREATE SCHEMA test1
mysqld-bin.000001	#	Gtid	#	#	SET @@SESSION.GTID_NEXT= 'Gtid_set'
mysqld-bin.000001	#	Query	#	#	BEGIN
mysqld-bin.000001	#	Query	#	#	COMMIT
mysqld-bin.000001	#	Gtid	#	#	SET @@SESSION.GTID_NEXT= 'Gtid_set'
mysqld-bin.000001	#	Query	#	#	use `test1`; CREATE TABLE t1 (f1 INTEGER PRIMARY KEY,f2 CHAR(5) DEFAULT 'abc') ENGINE=InnoDB
mysqld-bin.000001	#	Gtid	#	#	SET @@SESSION.GTID_NEXT= 'Gtid_set'
mysqld-bin.000001	#	Query	#	#	BEGIN
mysqld-bin.000001	#	Query	#	#	COMMIT
mysqld-bin.000001	#	Gtid	#	#	SET @@SESSION.GTID_NEXT= 'Gtid_set'
mysqld-bin.000001	#	Query	#	#	BEGIN
mysqld-bin.000001	#	Table_map	#	#	table_id: # (test1.t1)
mysqld-bin.000001	#	Write_rows	#	#	table_id: # flags: STMT_END_F
mysqld-bin.000001	#	Xid	#	#	COMMIT /* XID */
mysqld-bin.000001	#	Gtid	#	#	SET @@SESSION.GTID_NEXT= 'Gtid_set'
mysqld-bin.000001	#	Query	#	#	BEGIN
mysqld-bin.000001	#	Query	#	#	COMMIT
mysqld-bin.000001	#	Gtid	#	#	SET @@SESSION.GTID_NEXT= 'Gtid_set'
mysqld-bin.000001	#	Query	#	#	BEGIN
mysqld-bin.000001	#	Table_map	#	#	table_id: # (test1.t1)
mysqld-bin.000001	#	Write_rows	#	#	table_id: # flags: STMT_END_F
mysqld-bin.000001	#	Xid	#	#	COMMIT /* XID */
mysqld-bin.000001	#	Gtid	#	#	SET @@SESSION.GTID_NEXT= 'Gtid_set'
mysqld-bin.000001	#	Query	#	#	BEGIN
mysqld-bin.000001	#	Query	#	#	COMMIT
mysqld-bin.000001	#	Gtid	#	#	SET @@SESSION.GTID_NEXT= 'Gtid_set'
mysqld-bin.000001	#	Query	#	#	BEGIN
mysqld-bin.000001	#	Table_map	#	#	table_id: # (test1.t1)
mysqld-bin.000001	#	Write_rows	#	#	table_id: # flags: STMT_END_F
mysqld-bin.000001	#	Xid	#	#	COMMIT /* XID */
mysqld-bin.000001	#	Gtid	#	#	SET @@SESSION.GTID_NEXT= 'Gtid_set'
mysqld-bin.000001	#	Query	#	#	BEGIN
mysqld-bin.000001	#	Query	#	#	COMMIT
mysqld-bin.000001	#	Gtid	#	#	SET @@SESSION.GTID_NEXT= 'Gtid_set'
mysqld-bin.000001	#	Query	#	#	BEGIN
mysqld-bin.000001	#	Query	#	#	COMMIT
mysqld-bin.000001	#	Gtid	#	#	SET @@SESSION.GTID_NEXT= 'Gtid_set'
mysqld-bin.000001	#	Query	#	#	BEGIN
mysqld-bin.000001	#	Table_map	#	#	table_id: # (test1.t1)
mysqld-bin.000001	#	Update_rows	#	#	table_id: # flags: STMT_END_F
mysqld-bin.000001	#	Xid	#	#	COMMIT /* XID */
mysqld-bin.000001	#	Gtid	#	#	SET @@SESSION.GTID_NEXT= 'Gtid_set'
mysqld-bin.000001	#	Query	#	#	BEGIN
mysqld-bin.000001	#	Table_map	#	#	table_id: # (test1.t1)
mysqld-bin.000001	#	Delete_rows	#	#	table_id: # flags: STMT_END_F
mysqld-bin.000001	#	Xid	#	#	COMMIT /* XID */
mysqld-bin.000001	#	Gtid	#	#	SET @@SESSION.GTID_NEXT= 'Gtid_set'
mysqld-bin.000001	#	Query	#	#	BEGIN
mysqld-bin.000001	#	Query	#	#	COMMIT
mysqld-bin.000001	#	Gtid	#	#	SET @@SESSION.GTID_NEXT= 'Gtid_set'
mysqld-bin.000001	#	Query	#	#	BEGIN
mysqld-bin.000001	#	Table_map	#	#	table_id: # (test1.t1)
mysqld-bin.000001	#	Write_rows	#	#	table_id: # flags: STMT_END_F
mysqld-bin.000001	#	Table_map	#	#	table_id: # (test1.t1)
mysqld-bin.000001	#	Write_rows	#	#	table_id: # flags: STMT_END_F
mysqld-bin.000001	#	Xid	#	#	COMMIT /* XID */
mysqld-bin.000001	#	Gtid	#	#	SET @@SESSION.GTID_NEXT= 'Gtid_set'
mysqld-bin.000001	#	Query	#	#	BEGIN
mysqld-bin.000001	#	Table_map	#	#	table_id: # (test1.t1)
mysqld-bin.000001	#	Write_rows	#	#	table_id: # flags: STMT_END_F
mysqld-bin.000001	#	Xid	#	#	COMMIT /* XID */
gtid_executed_equal
1
include/rpl/deprecated/show_binlog_events.inc
Log_name	Pos	Event_type	Server_id	End_log_pos	Info
mysqld-bin.000001	#	Previous_gtids	#	#	
mysqld-bin.000001	#	Gtid	#	#	SET @@SESSION.GTID_NEXT= 'Gtid_set'
mysqld-bin.000001	#	Query	#	#	CREATE SCHEMA test1
mysqld-bin.000001	#	Gtid	#	#	SET @@SESSION.GTID_NEXT= 'Gtid_set'
mysqld-bin.000001	#	Query	#	#	BEGIN
mysqld-bin.000001	#	Query	#	#	COMMIT
mysqld-bin.000001	#	Gtid	#	#	SET @@SESSION.GTID_NEXT= 'Gtid_set'
mysqld-bin.000001	#	Query	#	#	use `test1`; CREATE TABLE t1 (f1 INTEGER PRIMARY KEY,f2 CHAR(5) DEFAULT 'abc') ENGINE=InnoDB
mysqld-bin.000001	#	Gtid	#	#	SET @@SESSION.GTID_NEXT= 'Gtid_set'
mysqld-bin.000001	#	Query	#	#	BEGIN
mysqld-bin.000001	#	Query	#	#	COMMIT
mysqld-bin.000001	#	Gtid	#	#	SET @@SESSION.GTID_NEXT= 'Gtid_set'
mysqld-bin.000001	#	Query	#	#	BEGIN
mysqld-bin.000001	#	Table_map	#	#	table_id: # (test1.t1)
mysqld-bin.000001	#	Write_rows	#	#	table_id: # flags: STMT_END_F
mysqld-bin.000001	#	Xid	#	#	COMMIT /* XID */
mysqld-bin.000001	#	Gtid	#	#	SET @@SESSION.GTID_NEXT= 'Gtid_set'
mysqld-bin.000001	#	Query	#	#	BEGIN
mysqld-bin.000001	#	Query	#	#	COMMIT
mysqld-bin.000001	#	Gtid	#	#	SET @@SESSION.GTID_NEXT= 'Gtid_set'
mysqld-bin.000001	#	Query	#	#	BEGIN
mysqld-bin.000001	#	Table_map	#	#	table_id: # (test1.t1)
mysqld-bin.000001	#	Write_rows	#	#	table_id: # flags: STMT_END_F
mysqld-bin.000001	#	Xid	#	#	COMMIT /* XID */
mysqld-bin.000001	#	Gtid	#	#	SET @@SESSION.GTID_NEXT= 'Gtid_set'
mysqld-bin.000001	#	Query	#	#	BEGIN
mysqld-bin.000001	#	Query	#	#	COMMIT
mysqld-bin.000001	#	Gtid	#	#	SET @@SESSION.GTID_NEXT= 'Gtid_set'
mysqld-bin.000001	#	Query	#	#	BEGIN
mysqld-bin.000001	#	Table_map	#	#	table_id: # (test1.t1)
mysqld-bin.000001	#	Write_rows	#	#	table_id: # flags: STMT_END_F
mysqld-bin.000001	#	Xid	#	#	COMMIT /* XID */
mysqld-bin.000001	#	Gtid	#	#	SET @@SESSION.GTID_NEXT= 'Gtid_set'
mysqld-bin.000001	#	Query	#	#	BEGIN
mysqld-bin.000001	#	Query	#	#	COMMIT
mysqld-bin.000001	#	Gtid	#	#	SET @@SESSION.GTID_NEXT= 'Gtid_set'
mysqld-bin.000001	#	Query	#	#	BEGIN
mysqld-bin.000001	#	Query	#	#	COMMIT
mysqld-bin.000001	#	Gtid	#	#	SET @@SESSION.GTID_NEXT= 'Gtid_set'
mysqld-bin.000001	#	Query	#	#	BEGIN
mysqld-bin.000001	#	Table_map	#	#	table_id: # (test1.t1)
mysqld-bin.000001	#	Update_rows	#	#	table_id: # flags: STMT_END_F
mysqld-bin.000001	#	Xid	#	#	COMMIT /* XID */
mysqld-bin.000001	#	Gtid	#	#	SET @@SESSION.GTID_NEXT= 'Gtid_set'
mysqld-bin.000001	#	Query	#	#	BEGIN
mysqld-bin.000001	#	Table_map	#	#	table_id: # (test1.t1)
mysqld-bin.000001	#	Delete_rows	#	#	table_id: # flags: STMT_END_F
mysqld-bin.000001	#	Xid	#	#	COMMIT /* XID */
mysqld-bin.000001	#	Gtid	#	#	SET @@SESSION.GTID_NEXT= 'Gtid_set'
mysqld-bin.000001	#	Query	#	#	BEGIN
mysqld-bin.000001	#	Query	#	#	COMMIT
mysqld-bin.000001	#	Gtid	#	#	SET @@SESSION.GTID_NEXT= 'Gtid_set'
mysqld-bin.000001	#	Query	#	#	BEGIN
mysqld-bin.000001	#	Table_map	#	#	table_id: # (test1.t1)
mysqld-bin.000001	#	Write_rows	#	#	table_id: # flags: STMT_END_F
mysqld-bin.000001	#	Table_map	#	#	table_id: # (test1.t1)
mysqld-bin.000001	#	Write_rows	#	#	table_id: # flags: STMT_END_F
mysqld-bin.000001	#	Xid	#	#	COMMIT /* XID */
mysqld-bin.000001	#	Gtid	#	#	SET @@SESSION.GTID_NEXT= 'Gtid_set'
mysqld-bin.000001	#	Query	#	#	BEGIN
mysqld-bin.000001	#	Table_map	#	#	table_id: # (test1.t1)
mysqld-bin.000001	#	Write_rows	#	#	table_id: # flags: STMT_END_F
mysqld-bin.000001	#	Xid	#	#	COMMIT /* XID */
include/diff_servers.inc [servers=2 3]
SELECT COUNT(*) = 2 FROM test1.t1 WHERE f1 IN (1,2);
COUNT(*) = 2
1
SELECT COUNT(*) = 3 FROM test1.t1 WHERE f1 IN (111,222,333);
COUNT(*) = 3
1
SELECT COUNT(*) = 2 FROM test1.t1 WHERE f2 = 'klm';
COUNT(*) = 2
1
USE test2;
ERROR 42000: Unknown database 'test2'
DROP SCHEMA test1;
DROP SCHEMA test2;
STOP REPLICA;
RESET REPLICA ALL;
