CREATE TABLE t1 (f1 INTEGER PRIMARY KEY) ENGINE=InnoDB;
RESET BINARY LOGS AND GTIDS;
RESET BINARY LOGS AND GTIDS;
wsrep_last_applied_correct
1
include/rpl/deprecated/show_binlog_events.inc
Log_name	Pos	Event_type	Server_id	End_log_pos	Info
mysqld-bin.000001	#	Previous_gtids	#	#	
RESET BINARY LOGS AND GTIDS;
RESET BINARY LOGS AND GTIDS;
wsrep_last_applied_correct
1
SELECT COUNT(*) = 1 FROM t1;
COUNT(*) = 1
1
SELECT COUNT(*) = 1 FROM t1;
COUNT(*) = 1
1
include/rpl/deprecated/show_binlog_events.inc
Log_name	Pos	Event_type	Server_id	End_log_pos	Info
mysqld-bin.000001	#	Previous_gtids	#	#	
mysqld-bin.000001	#	Anonymous_Gtid	#	#	SET @@SESSION.GTID_NEXT= 'ANONYMOUS'
mysqld-bin.000001	#	Query	#	#	BEGIN
mysqld-bin.000001	#	Table_map	#	#	table_id: # (test.t1)
mysqld-bin.000001	#	Write_rows	#	#	table_id: # flags: STMT_END_F
mysqld-bin.000001	#	Xid	#	#	COMMIT /* XID */
include/rpl/deprecated/show_binlog_events.inc
Log_name	Pos	Event_type	Server_id	End_log_pos	Info
mysqld-bin.000001	#	Previous_gtids	#	#	
mysqld-bin.000001	#	Anonymous_Gtid	#	#	SET @@SESSION.GTID_NEXT= 'ANONYMOUS'
mysqld-bin.000001	#	Query	#	#	BEGIN
mysqld-bin.000001	#	Table_map	#	#	table_id: # (test.t1)
mysqld-bin.000001	#	Write_rows	#	#	table_id: # flags: STMT_END_F
mysqld-bin.000001	#	Xid	#	#	COMMIT /* XID */
TRUNCATE TABLE t1;
RESET BINARY LOGS AND GTIDS;
ERROR 23000: Duplicate entry '1' for key 't1.PRIMARY'
wsrep_last_applied_correct
1
SELECT COUNT(*) = 0 FROM t1;
COUNT(*) = 0
1
include/rpl/deprecated/show_binlog_events.inc
Log_name	Pos	Event_type	Server_id	End_log_pos	Info
mysqld-bin.000001	#	Previous_gtids	#	#	
DROP TABLE t1;
