CREATE TABLE t1 (a INT PRIMARY KEY);
CREATE TABLE t2 (a INT);
INSERT INTO t1 VALUES (0);
INSERT INTO t2 SELECT /*!99997*/ * FROM t1;
INSERT INTO t2 SELECT /*!99997*/ * FROM t1;
