CREATE USER u1@localhost IDENTIFIED BY '';
GRANT ALL PRIVILEGES ON test.* TO u1@localhost;
GRANT SYSTEM_USER ON *.* TO u1@localhost;
CREATE USER u2@localhost IDENTIFIED BY '';
GRANT SELECT, CREATE VIEW, SHOW VIEW, DROP ON test.* to u2@localhost;
CREATE TABLE t1(i INT PRIMARY KEY, n VARCHAR(9));
CREATE OR REPLACE VIEW v AS SELECT * FROM t1;
ALTER DEFINER=u1@`localhost` VIEW v AS SELECT * FROM t1;
ERROR 42000: Access denied; you need (at least one of) the SUPER or SET_ANY_DEFINER privilege(s) for this operation
DROP VIEW v;
DROP TABLE t1;
DROP USER u1@localhost;
DROP USER u2@localhost;
CREATE DATABASE db1;
CREATE DATABASE db2;
CREATE TABLE db1.t1(c1 INT PRIMARY KEY);
CREATE TABLE db1.t2(c2 INT PRIMARY KEY);
CREATE USER u1@localhost IDENTIFIED BY '';
GRANT SELECT ON db1.t1 TO u1@localhost;
GRANT INSERT ON db1.t2 TO u1@localhost;
GRANT ALL PRIVILEGES ON db2.* TO u1@localhost;
FLUSH PRIVILEGES;
CREATE VIEW v AS SELECT c1, c2 FROM db1.t1, db1.t2;
ERROR 42000: create view command denied to user 'u1'@'localhost' for column 'c2' in table 'v'
DROP DATABASE db1;
DROP DATABASE db2;
DROP USER u1@localhost;
